49;-30;44;2;21;-12;-31;5;22;22;9;15;35;48;-41;-7;0;-15;-11;40;-13;14;12;14;-25;-16;33;-33;44;-26;39;-33;-23;-42;-46;29;41;-36;-48;-33;-34;47;11;-35;-5;44;4;-44;-42;39;-42;-6;-17;29;1;-19;35;24;49;-30;-10;33;-34;37;41;-26;-22;-1;43;47;24;32;-31;35;26;31;-30;-29;44;0;-32;24;-2;9;39;24;38;-46;-27;-23;7;-42;46;21;-37;46;23;49;-18;24;13;13;-33;30;37;47;-3;30;-43;-45;-7;-48;-29;-7;35;-8;6;-42;-36;36;-44;46;-1;24;25;-50;10;-21;2;-48;6;21;8;30;43;35;1;45;23;24;41;-11;-43;33;45;-40;-36;34;-28;-28;-50;3;-11;-11;21;-5;21;47;-48;37;-1;35;18;-33;40;13;36;42;0;-23;-50;-9;-22;7;24;32;-30;-7;-16;-25;39;49;-21;49;8;-1;15;-25;-2;40;16;43;-25;-50;43;-41;10;-24;-38;3;-27;-36;28;22;-32;6;10;-13;-28;-50;26;44;-11;-39;26;-38;-7;10;44;-5;29;-28;49
-4;-43;16;-36;-3;-50;-5;41;-50;31;-44;20;28;37;36;-34;-27;-19;-48;-20;-10;-42;49;0;5;-17;43;-38;28;6;-7;-9;-50;45;19;19;45;-19;39;-5;46;24;-26;-49;33;8;-30;2;26;-44;-8;-47;-25;4;1;28;-25;24;11;-46;-45;9;41;-11;-43;29;-13;-35;-6;-22;-7;-35;16;-28;35;1;20;27;-27;33;-23;-16;2;10;-38;21;7;-41;-11;-39;-29;22;-34;33;-5;-33;-9;25;32;43;34;4;11;-41;17;-17;32;-6;-9;-40;34;49;-38;-2;36;3;34;25;-21;21;-13;-14;29;-8;9;19;-47;43;-12;-9;-46;0;-36;3;-42;4;45;40;-39;37;-44;32;36;28;36;-1;42;-22;-5;45;41;11;5;34;-19;-12;33;3;20;14;-12;-18;-27;26;20;-27;-14;37;-4;40;-28;-20;44;12;33;10;16;-6;-13;4;16;-7;49;-28;39;28;-44;14;48;-13;3;3;20;-32;-4;-4;-30;-1;6;-21;20;22;-17;-12;39;-32;3;-43;14;-50;22;8;39;9;40;-32;-5;-44;15;30;49;-21;1
12;-37;-20;-22;-49;-35;-42;43;-38;-45;39;36;-32;16;-24;-16;-46;9;-39;-33;-1;-24;-48;21;-43;-49;-36;33;2;18;-16;13;20;46;-24;-9;11;43;10;-39;-41;-46;-7;1;11;49;10;28;-12;-11;38;-11;-39;7;14;17;-27;-26;42;-49;-5;-29;48;49;-24;33;25;-18;-18;-38;-36;19;20;4;19;-46;27;-41;48;-46;-36;3;15;21;-18;-20;-18;-28;4;16;-4;-34;-10;-5;-23;-21;-13;-38;16;47;-41;23;13;39;39;-16;-26;31;38;-41;-2;-33;-6;45;-12;42;-3;-13;37;-1;27;20;25;-42;19;19;27;15;-46;0;-25;39;23;-20;16;-27;-23;-4;47;3;-31;19;2;-12;7;5;16;-41;-1;48;24;45;-34;10;-30;-27;7;6;6;42;-3;35;38;-17;27;30;32;38;-32;-31;45;15;16;-8;-44;25;23;-18;25;12;1;-36;14;8;47;-25;-37;-9;23;47;14;-17;44;-15;36;-45;1;15;-18;28;-7;-46;5;-42;36;6;-42;-21;-12;-36;19;-48;39;-23;36;-26;45;44;-17;-32;-47;-44;16
-45;-41;34;-44;-27;34;-26;23;40;12;-25;-26;-38;44;33;33;44;33;32;43;49;-44;14;-30;46;-19;-43;48;15;46;32;16;14;-32;9;18;34;-6;8;10;-34;-19;-30;33;-50;10;-25;49;-38;-2;-26;11;-33;-48;-31;-35;1;-49;-4;-48;35;-29;-17;-25;-37;-32;31;-2;-34;-29;-7;-44;-39;-14;-49;27;13;23;27;-2;41;-41;-2;-26;32;46;-47;-27;-25;4;13;-10;17;5;24;38;-6;20;-34;22;3;2;-9;-49;-35;30;-41;-50;21;-30;-1;-18;0;35;-46;17;-33;-12;12;-32;29;-1;33;-46;-24;-11;3;-46;39;-20;-8;-7;-2;-6;26;4;-25;36;-21;-19;20;25;-3;-25;-28;-3;2;0;-3;22;20;7;4;-11;-48;8;2;11;-45;20;13;40;-43;-9;10;-3;-44;44;-33;30;26;-32;-3;-41;-25;11;24;17;-14;31;12;38;28;5;-14;-1;49;25;2;19;25;-40;16;-28;-49;-1;-9;29;43;-3;-22;15;-32;-21;23;14;-45;44;-26;33;2;4;1;-21;-39;-19;17;-10;1;21;22;-44;48
-13;7;-27;-33;26;6;-3;47;-7;-13;-31;-28;-13;19;43;-18;-35;16;46;-36;-48;29;-3;8;7;13;39;34;5;35;-49;5;40;-25;-4;11;-3;-16;-12;1;-5;11;19;33;16;-4;-38;4;-10;5;29;32;32;26;47;-18;-27;-25;18;24;3;39;16;-43;5;49;-38;46;-20;-5;-44;36;48;37;-13;39;15;-8;-28;-4;21;17;-7;7;47;14;7;12;48;-9;39;19;9;17;45;46;14;-21;6;-29;11;-31;-2;-13;31;27;11;24;19;-19;-17;8;40;-28;-9;49;-38;-4;-9;7;-21;-23;35;26;5;-48;23;19;-11;3;-29;-24;7;-46;46;-36;-33;-42;14;1;12;-39;-5;0;-15;-21;-29;-46;-49;-20;-24;21;34;-30;-32;37;8;11;5;28;-16;-5;21;33;-49;29;-6;-3;-44;-7;45;23;31;-14;-23;4;-1;7;-15;-40;41;20;-7;30;20;25;-9;-20;37;-6;38;6;-41;19;1;-44;-44;16;-42;-37;-6;41;16;-15;24;-21;-12;4;-34;-49;44;-43;2;-2;47;-27;20;-43;-32;-1;9;-2;23
25;-41;38;43;-45;-7;-30;21;16;-14;49;17;-35;-25;-36;-14;-8;-34;23;-7;12;-47;-31;-9;-29;-24;-8;39;-22;-41;19;-46;18;-20;-1;-42;15;-47;-11;-24;-32;-33;12;27;25;-17;6;-8;-14;44;19;20;43;-46;-50;-18;-28;-44;9;3;21;0;-1;19;48;34;-22;6;7;36;27;15;8;-14;39;20;7;25;-6;-31;33;-5;-8;-45;27;-28;9;29;-17;-46;-15;-34;-21;-26;4;28;30;27;-42;-38;19;49;44;-19;42;-14;39;-12;-44;-35;3;-24;30;1;24;-1;26;-47;19;13;-3;36;7;-44;10;41;28;-19;6;-14;33;45;-22;-31;10;-43;33;-25;-11;46;5;-14;38;11;-40;-12;36;-5;-40;-48;13;-36;26;-45;-13;6;-35;12;10;25;28;-22;2;-32;-25;12;33;-36;-8;15;23;34;29;35;-35;-15;10;-40;-39;5;-12;23;47;16;-33;11;17;-28;41;16;-43;-22;10;28;34;7;-33;-27;12;-31;14;43;-39;-14;-14;-8;-44;-23;17;27;-47;-4;20;-19;46;-29;39;-14;29;-50;16;-32;-41
1;-38;45;-10;27;-43;-47;29;-9;37;-32;-31;-45;-39;18;-11;-37;7;-30;32;25;-7;28;40;-15;-38;15;0;-1;13;-50;-3;43;-26;-45;-1;-19;12;29;-39;-37;38;-33;-44;43;37;-18;23;26;8;-35;27;-22;37;41;-6;-45;3;-40;3;-38;-50;48;2;32;21;10;-32;12;-40;-12;0;-12;38;-36;29;34;-11;-32;-33;35;37;4;-35;49;-29;3;8;35;-49;4;-18;-5;-50;-13;46;-34;-44;20;9;16;-29;29;-11;28;-32;1;14;-32;27;25;-36;18;-47;5;-32;45;20;45;-39;40;-2;44;-32;6;47;-49;44;24;42;12;-49;44;-13;25;37;-5;-42;-3;32;4;-28;-42;-40;-14;-10;44;36;-21;-44;-18;3;-13;-26;13;-14;-25;8;-34;14;7;38;-13;-14;19;4;-10;7;40;2;-46;-11;-50;39;3;-12;-16;37;-50;33;-20;-8;24;-43;39;-1;36;-1;48;22;10;-20;-3;-13;3;-31;-28;-24;-40;-20;-20;-9;36;-38;41;-43;38;-48;-39;-24;-37;-12;1;32;3;-10;-28;45;29;28;22;-14;35
-35;-45;-5;46;38;3;-13;41;40;-49;35;41;-39;-24;27;-48;25;-41;-32;12;-40;31;0;7;-7;-22;-41;-39;27;18;-43;39;25;9;28;36;-50;49;-23;-36;16;39;17;-45;32;1;22;22;-49;-49;3;-37;11;36;42;-34;28;17;16;23;-13;-5;37;-19;23;-9;-31;-5;39;18;36;18;-37;16;46;-41;-33;-2;9;-32;-8;33;-29;-25;-13;-20;3;-5;27;-21;-3;49;26;-17;-36;37;37;-24;-18;-36;-42;-29;-34;-1;-31;5;41;-47;31;10;-42;-48;-13;-18;44;-16;19;16;25;-36;12;47;47;-17;16;-16;45;39;-16;13;-4;-34;21;-20;37;24;12;-9;48;-14;-33;20;9;32;-20;-33;-42;-43;-16;-31;2;16;-3;38;-9;-31;21;-28;-42;2;38;27;-31;-1;46;-31;36;46;-38;-19;30;-34;-37;38;-44;-22;21;20;25;10;31;38;-19;1;3;44;-30;-25;-37;-23;42;33;18;21;24;-2;-42;-22;2;3;7;-25;-50;-25;39;-4;-20;13;-30;-44;-24;17;-30;45;9;41;3;16;0;27;-20;13;-18
46;32;-38;15;-47;21;-31;-32;20;3;22;-11;26;-4;27;36;11;-32;37;17;-20;23;-29;-23;21;45;-14;31;-18;-14;-40;4;-7;-17;-22;-21;22;38;-14;-2;26;2;17;-50;-16;20;-42;8;-39;-30;40;-19;-27;-21;12;35;15;-4;18;13;11;26;-40;-39;0;-50;-7;-12;23;9;29;-33;33;9;-27;4;-13;20;14;-36;1;-5;38;23;10;-6;-41;22;-16;-35;25;37;40;47;41;42;-38;1;-31;-21;-47;42;46;-38;28;-41;-14;-17;-15;-19;-13;-42;36;21;-45;-25;14;44;-38;40;16;-7;-22;-30;32;-24;41;-22;-19;49;13;-24;28;45;18;-20;-5;-9;-8;-24;33;-23;28;2;4;46;-6;-21;9;44;-14;32;-2;8;9;18;-3;14;27;42;-15;46;-17;12;-10;25;21;33;-22;-9;29;-32;16;22;5;43;6;-19;49;-35;-29;-25;-24;48;15;-46;44;5;32;2;-29;-46;8;34;25;-37;6;44;-19;46;11;-44;-28;7;36;-34;19;-3;40;0;-48;-35;45;40;42;27;7;-31;-19;39;-44;49;41
13;6;33;1;41;-46;-42;-19;-13;40;-36;31;-16;15;39;-28;20;-13;-45;-19;34;46;29;-7;-18;-37;-34;11;-5;42;32;6;22;13;1;6;43;-33;15;-29;-25;25;16;4;9;-11;-37;-50;0;-30;9;-2;-4;-8;-17;-20;20;18;-16;-33;-40;40;-20;-38;19;11;-43;31;47;-44;6;-43;-18;15;-4;28;-27;-39;-34;11;37;-6;7;12;26;0;-15;7;18;15;23;-34;23;48;31;-3;-6;-46;25;-1;5;-50;-38;-38;16;43;-17;-3;-8;4;1;-47;14;1;-23;-29;-23;-20;-8;-15;-23;-30;7;34;-37;-33;40;-3;-47;34;-11;45;46;14;44;-29;6;47;21;36;22;20;5;37;34;11;23;41;-1;-41;-49;49;9;3;6;-43;32;-45;45;-23;-2;-21;7;7;-6;-36;-35;-29;-50;8;-18;33;-24;7;8;7;-19;12;-43;17;-50;-36;-23;24;44;33;28;-20;49;-26;-3;-31;-14;3;-15;48;12;-48;26;28;-16;-3;48;-50;-10;38;17;29;-26;-21;-41;34;2;7;5;-13;-45;-27;-35;27;-13;-43;-41
32;40;21;36;-2;43;-22;4;-40;10;-27;-13;-36;-46;-24;-14;-50;40;0;-39;4;0;-2;-19;-35;25;22;-23;37;15;-50;7;-2;2;-50;9;-33;-33;-10;19;48;37;-43;-5;-9;37;5;31;-40;-44;18;-10;41;2;34;-43;-13;-46;-43;36;-12;-8;3;-6;-4;42;27;27;32;-40;-19;-4;13;17;-21;-44;-21;-19;-31;48;-40;-37;3;-21;21;0;17;10;-43;-47;21;30;-8;-31;16;16;-48;-33;-34;15;44;41;18;-31;-41;-28;-40;-38;-34;-1;40;-35;15;-23;-43;-32;-27;40;-5;-34;-27;31;-30;4;44;-50;3;45;23;15;-35;45;29;-6;-32;17;35;-9;41;-38;-12;46;-50;10;-10;-50;-29;44;24;47;27;5;-2;15;17;-46;-34;39;43;-26;11;-37;-40;-8;-19;33;39;-37;34;-48;32;9;25;3;-1;-25;-19;-32;-25;-23;-31;-9;-14;47;-16;-5;8;-28;-13;15;3;-35;17;-36;3;47;2;7;-25;-6;8;26;33;8;-25;-21;11;27;9;-8;-16;-39;-43;11;-34;30;-42;46;48;27;16;-16;26
16;34;-31;7;-2;29;26;38;28;-5;-47;43;32;34;-47;2;32;39;-44;6;4;-1;43;-2;-26;45;41;49;35;49;18;-27;-40;47;26;-45;-27;-19;-30;-38;49;-19;-31;-35;2;-21;-35;-26;20;17;-14;49;41;-11;7;10;21;-40;3;-31;-36;-5;29;-27;19;24;23;36;47;-18;11;-3;-21;20;-28;-49;-17;9;5;-42;36;-23;10;-31;46;-9;-12;-34;-7;8;-27;31;9;-16;-17;31;-4;-48;17;14;21;-15;41;12;27;-26;42;-11;-3;22;-16;-11;-50;21;1;-24;-48;33;0;-11;-33;39;-34;-2;-30;32;23;-45;-41;-44;16;7;0;28;-8;39;-30;44;-24;45;19;25;9;0;10;-36;35;15;44;32;18;-38;-5;7;-41;42;7;34;-39;14;41;-31;9;42;-31;-47;-42;29;-3;-25;7;40;-11;23;36;-13;-50;-40;43;-27;-11;-26;-34;-18;-18;-24;45;-49;36;-37;-45;-28;9;-38;-45;17;42;41;14;20;-8;38;-21;12;13;47;-12;-8;-40;-21;-37;19;-15;22;1;28;38;-46;17;-29;33;4;-45
28;14;-40;-42;33;-30;-29;-46;-19;6;-32;17;-15;-3;5;17;-21;48;21;34;37;0;-15;-43;-34;34;34;-9;-40;21;40;-23;12;33;13;14;-24;-32;-34;39;-27;-15;-28;1;49;13;40;21;13;42;-18;-28;-42;-48;-46;-14;-45;4;23;-11;1;26;26;3;43;-12;15;-20;24;-43;17;8;29;28;28;-42;19;11;-11;-9;-23;36;-13;0;21;48;9;26;-11;49;-45;-34;35;-48;25;1;34;23;21;-6;30;-38;-21;42;30;-28;35;-30;-13;-8;14;-37;-18;-26;-11;5;-19;-12;-50;-8;22;41;15;-12;40;13;0;-43;-6;-22;2;-28;-6;-49;-22;5;45;27;3;-36;27;17;33;-19;15;-22;28;3;39;-50;-18;47;33;-32;-25;-50;7;19;35;-34;45;-13;10;11;3;-50;-11;27;21;26;-21;-48;7;32;-27;40;-40;-42;-13;29;9;-35;22;-35;13;-42;-19;48;37;-9;-42;-27;40;28;26;15;14;-4;-15;6;-24;-16;31;-50;-36;-2;-42;-29;-1;-29;-34;4;-8;2;42;39;-38;-2;-13;-38;-39;29;22
-6;32;2;30;-16;17;38;27;37;-31;27;-50;-3;18;33;4;-17;49;-12;23;1;-30;-48;20;-37;-40;20;25;-45;11;-5;8;3;7;26;12;-30;37;-15;29;-18;5;18;48;-21;37;-39;-31;23;0;20;-18;-47;-10;-32;30;-24;-10;31;-33;-38;-30;-46;35;-1;-31;13;-27;5;-14;-44;43;2;-46;5;-7;-28;47;-19;36;4;-15;21;-25;18;9;-49;9;-46;-46;36;-43;24;22;16;-50;-46;39;33;30;-22;36;-38;-16;39;7;46;-11;37;-45;8;-25;20;17;23;45;-16;35;-50;45;29;-10;-49;-3;33;1;-31;30;-11;-38;47;9;-9;-20;-23;24;25;43;7;15;-35;-20;47;-18;-3;-6;-38;-41;6;20;-40;-28;-35;-44;43;28;36;47;29;25;-17;32;-8;-30;24;18;26;10;18;1;-4;-12;38;-34;23;-42;-18;-48;2;-43;31;7;-42;6;-45;-29;-40;-47;18;25;-15;-43;-33;-28;-28;-42;3;-48;-22;-2;-13;-25;2;41;-4;5;19;21;13;-40;21;42;39;7;-44;-8;-13;30;-26;-19;-10;-44;24
2;26;18;-38;22;10;18;43;-9;35;-39;27;-45;-25;5;24;-17;-25;39;-48;-37;-24;-37;3;-39;-23;-12;-36;41;-39;7;11;-2;-19;-4;-44;-1;28;26;27;-45;34;-32;-38;41;-21;49;-3;-11;-5;16;-31;-41;17;-48;40;-17;-15;43;-33;15;23;-7;-16;-6;-39;-11;37;-20;-43;28;-16;37;-30;31;24;-10;-43;-34;-49;-25;-27;-44;15;26;-17;-41;18;-47;-31;-34;-17;8;-50;-28;1;-16;35;2;-32;43;35;24;-24;16;20;7;14;15;22;25;-36;0;21;-5;48;11;34;17;41;-13;5;-2;9;4;1;2;8;25;38;-4;14;-41;-31;-5;-40;-50;30;-31;-35;-25;-27;-43;-32;22;14;-33;28;42;8;17;-10;-23;-31;-35;49;-43;16;-24;8;-19;35;25;-15;-33;-5;32;6;-23;-14;3;-39;3;10;-50;8;-36;-35;-6;-49;-17;-34;26;-22;6;15;-47;26;24;-48;-50;-19;-45;24;-30;-33;-29;2;-43;32;-6;-13;48;-14;22;-49;36;-21;12;5;-8;-45;-33;25;-35;-33;-25;-40;-25;-36;37;38;-4
-35;39;-25;-42;29;-41;-13;-17;-15;-18;-8;-34;37;-29;24;26;-11;-44;23;6;-50;-22;29;-48;-43;-14;12;15;41;-19;-10;-43;41;-48;-16;7;-27;34;20;-24;-49;49;19;41;-46;15;31;9;24;40;-38;-8;-31;39;-42;16;16;41;34;-46;15;8;10;29;29;-25;-22;36;18;-19;6;-16;4;34;-14;44;-46;19;25;-4;-42;-28;4;-50;19;-1;44;-22;-3;28;36;-19;-39;8;7;-2;-18;4;36;0;35;35;47;32;-8;35;-25;-21;-30;47;42;17;-3;28;47;12;-1;43;-40;1;31;-26;-27;-41;-12;0;-7;5;-4;27;-19;3;18;-10;-50;-34;2;-50;35;31;-24;22;21;-19;-46;7;-14;-21;-43;-5;-42;23;-50;36;32;16;-18;-18;-48;-27;-8;-44;41;36;11;0;30;-13;47;-4;42;-12;31;-13;33;-4;-7;-34;17;-30;10;0;3;44;-10;-18;-42;-3;-13;-14;6;-40;-26;19;42;46;-40;43;-37;14;-35;16;-28;-43;-48;-41;-48;-18;44;-30;5;-2;-26;31;25;5;5;-43;-50;11;17;34;7
37;39;16;-7;24;-48;11;-8;-44;-43;-10;40;-35;1;19;-18;-30;-16;-25;21;-43;2;-21;32;10;-47;-30;-7;42;4;27;-33;9;39;31;2;28;48;-6;19;-12;-40;-16;-34;-39;-42;18;-31;-42;-45;23;24;-24;-2;-14;-30;-10;-48;-26;7;48;-11;-18;17;-46;-32;24;-17;24;8;-25;-25;14;-44;-39;-45;6;42;-40;40;-42;1;43;-35;19;0;9;44;-26;37;4;25;8;28;-10;-21;-20;2;25;14;45;47;41;-31;-43;6;-38;7;49;-31;31;-48;-24;-38;15;-48;15;-25;-9;25;-37;-4;-20;26;35;-17;-35;-21;24;39;34;41;41;-7;-19;13;-40;-40;-39;-47;-41;-12;-15;-23;12;-24;-1;15;-35;28;15;-7;-22;-21;30;15;3;20;48;-35;5;31;-16;-9;-29;-43;19;-13;11;10;-43;-31;-47;-37;23;27;-23;11;-34;-45;-16;-5;-5;27;-13;-32;43;-6;1;-13;-42;2;-38;-2;-40;36;-14;-20;26;35;42;-46;-24;-25;-25;31;9;34;42;3;37;-5;48;17;-23;-15;-13;-20;31;32;31;6;20
32;31;-11;-18;-20;-45;-46;-8;-3;-20;34;-5;26;44;-49;-37;-45;10;1;1;18;-42;-34;41;-12;5;-19;16;26;-15;-25;-38;31;-31;8;27;-7;-32;45;-17;-48;19;48;-13;-24;1;46;39;-35;-13;-35;-32;39;7;-43;15;-42;-22;-11;-16;1;44;-23;13;-42;19;-18;-15;36;-19;-1;-17;-12;1;7;8;4;32;-31;2;49;-12;-1;33;1;-39;-26;33;-28;-14;-43;49;-47;22;-5;-30;18;19;-25;0;37;18;-33;41;18;31;6;-50;37;-40;-24;-41;32;-4;39;29;-28;39;-15;43;18;-25;28;-2;22;-36;-41;9;21;12;2;-37;22;-18;44;-30;-23;29;37;-21;-5;31;-26;38;5;38;-20;6;5;-33;-26;3;10;7;-4;-34;5;3;-25;0;12;48;10;5;17;17;-1;-21;-8;13;-21;43;-29;48;-1;-15;-21;-37;-15;40;28;-43;-17;-21;-18;-6;-17;44;-13;-15;-31;13;-31;-50;-20;19;-24;-21;-3;-48;12;43;-23;-25;-33;27;24;19;-31;-48;38;33;-26;9;7;-32;15;-27;-14;24;-30;21;-29
4;7;-6;-39;49;-32;18;23;-12;-45;15;36;-13;30;36;-48;-50;-31;-18;-25;43;-20;19;-36;-2;3;-36;-13;22;-29;25;23;32;2;30;-12;35;22;-28;-16;31;-48;-5;-20;-13;-33;-26;-50;-13;20;-30;44;-47;18;32;-4;-12;-37;-16;16;-28;9;-46;-35;46;-9;33;-4;35;41;38;36;33;-28;5;30;-48;-9;-8;-4;-23;39;36;-6;41;12;-32;-43;-15;-16;13;-37;38;-33;-10;-28;-19;43;37;-31;-13;40;-36;45;-41;47;-27;-47;41;-6;-18;-13;-34;-12;-9;-25;-3;-28;-4;-6;0;-15;-7;8;43;-29;-47;48;5;-44;-42;24;-39;30;-3;37;-5;48;40;21;10;-1;9;29;-42;-50;1;-18;38;37;47;7;31;9;-23;26;28;26;-19;2;18;-27;25;-24;25;-9;-35;-23;-13;-24;43;-46;40;-21;3;28;-18;-20;42;-50;27;-11;25;-50;-3;-28;40;32;31;29;46;-10;3;-7;15;-25;-49;-30;34;-8;-28;44;11;-32;-29;48;19;9;-41;23;-18;33;-6;37;-6;38;7;10;-20;12;-7;-31;28
-40;16;-47;1;-20;10;-19;-34;-35;-2;-7;-26;-18;40;-30;5;-38;-36;16;-25;8;18;-31;15;-25;-26;11;31;-33;-46;24;6;16;-6;38;-16;-5;-38;33;-35;43;-44;11;9;47;29;-5;36;-23;24;19;8;-34;45;15;49;19;25;41;7;-48;-37;-16;2;10;2;-21;-43;45;-2;-24;-22;4;32;-48;-13;-19;8;-15;-38;-20;-32;39;13;17;4;48;-8;-21;-39;40;-40;-10;-47;48;23;-11;18;0;-6;-39;39;-26;42;5;26;-29;44;-45;-25;15;24;5;-28;19;45;23;-32;25;32;33;-30;-47;-28;46;-10;3;-25;-22;33;27;0;48;37;-3;-44;-47;-18;47;46;3;-40;12;45;31;-8;-6;-12;-48;7;-46;-27;25;-42;33;-33;41;15;-36;-23;-45;-4;-41;-48;-49;-40;11;40;3;-22;-33;-6;14;7;-17;41;-48;-44;-8;-30;-32;-46;42;-35;43;35;-31;-42;44;-6;-14;-20;-25;-18;0;31;30;2;-10;-18;-39;-46;46;42;23;-39;5;36;-7;7;44;-23;-50;-32;26;-23;-21;-43;-28;-7;35;-31;-29
-15;43;44;49;31;-7;41;-15;-26;-20;2;44;-7;-7;10;16;-40;7;-22;-12;-2;12;-19;4;-44;5;-31;-42;-14;-31;-24;-23;-36;-30;33;-12;-35;-12;8;-22;14;-14;34;22;0;44;14;-43;-38;3;13;-16;-35;10;26;14;-23;26;35;-22;45;-3;-42;-35;47;28;-25;25;-21;-33;-46;-6;-6;-17;40;-5;-21;-15;-7;22;-13;49;2;-36;34;49;24;-9;-14;26;-39;0;24;21;-41;-50;2;-9;41;-23;-41;-38;-46;2;44;42;-16;-18;-40;-38;47;-22;38;-50;16;-12;-31;-13;-9;-19;39;14;-7;42;-37;6;-32;-16;-32;-32;26;-41;-39;38;-18;44;-15;7;-30;33;28;-21;-21;29;-45;-45;38;41;20;-6;46;18;45;11;4;14;-41;33;-27;-2;-2;-26;10;-8;26;49;-23;-40;-3;34;-9;-36;1;5;-26;-41;42;36;48;-46;8;-3;-40;8;-13;-14;46;15;-17;14;28;14;33;-22;-6;49;46;-25;-2;-47;-8;21;-7;-33;47;-9;17;49;37;-24;-11;49;44;16;42;35;-27;-39;23;-13;-33;5;10
-37;-30;41;18;44;19;30;21;49;22;-50;40;24;-38;35;-45;-5;9;-26;29;-10;8;-40;26;-18;9;-42;-15;42;18;-8;44;0;-2;47;-40;30;-7;-42;-48;46;40;-29;-36;-48;-37;-7;-5;34;2;16;13;-9;3;26;34;-3;40;40;36;3;-18;-17;17;29;11;24;30;6;-5;26;14;6;20;20;32;19;44;-5;-23;15;46;-34;0;33;-13;-7;-20;49;-40;17;-40;36;38;12;48;-3;27;-13;19;-7;25;-45;26;-48;6;5;-25;7;-12;44;-11;15;27;18;0;-30;-27;-39;-24;-32;10;-48;45;-19;6;19;-34;-14;-24;29;20;11;9;0;-44;7;-5;-45;9;-39;10;13;4;-29;-45;-4;17;-5;34;-48;-15;-15;40;-23;-36;-28;-12;-13;38;4;5;-28;-15;-31;-15;-4;1;-47;15;25;-27;-16;38;-22;22;40;13;29;-6;11;3;-23;-6;12;7;-14;26;-42;-50;41;-15;48;-20;-12;12;-5;42;-20;-8;-42;-30;-7;13;-31;17;-42;-37;45;15;26;24;-13;15;23;-24;9;-23;-36;-1;32;23;-5
-38;23;-42;-40;24;7;3;9;-27;-5;-8;-8;21;22;-27;24;-50;31;-16;-38;-35;29;14;-2;-24;-1;-35;3;-22;3;-31;49;43;-47;-42;8;-30;32;-50;-30;-12;4;18;14;-12;9;27;39;-16;21;-11;-20;-39;-17;-28;0;22;-28;26;-3;-28;24;39;39;37;-24;-14;5;31;22;-6;36;-9;6;17;2;-22;47;3;42;-27;-28;28;-11;-44;-36;-21;-2;45;2;19;-33;-41;7;-40;-27;-3;-25;44;49;37;-4;-24;-12;-49;17;30;42;5;-34;19;-30;45;-41;-39;-20;49;37;32;-21;-11;-5;30;22;-15;-19;8;-6;14;48;26;12;39;9;-47;28;-22;46;-6;14;33;26;39;-38;27;-36;-45;28;-24;-7;-6;-9;12;10;-7;-43;26;-12;23;11;-14;46;-4;-8;-43;14;-31;10;-40;36;13;32;31;-13;-48;35;-26;33;-49;41;8;-49;-39;48;-4;-23;-47;-38;8;5;-11;12;11;-35;22;7;40;-26;42;-36;17;3;-49;-35;5;45;-38;36;13;29;33;-21;-17;-5;42;-11;7;-36;47;41;6;9;32
-15;18;28;-48;30;-7;40;26;-16;15;-38;29;30;-14;-23;35;-4;-19;6;-38;4;8;11;-19;23;-36;-34;11;-11;-44;-15;-44;28;-36;32;-36;-10;-16;49;45;0;49;45;-31;-1;-5;-33;-40;-26;-36;32;36;-48;-46;20;12;24;-12;39;38;13;-38;-8;-17;-30;-40;44;-21;-35;-11;-12;-10;45;-12;9;-31;31;0;-6;29;2;-2;-45;36;2;-23;0;9;23;-4;19;29;19;48;-3;37;24;-4;-26;31;27;32;40;5;-2;19;-46;18;-13;48;-10;44;21;28;-27;-46;19;-18;3;7;-45;41;41;21;34;14;14;-36;-32;25;16;31;33;-10;-24;-48;17;7;0;-22;-35;-36;-42;11;16;35;1;-18;6;39;10;-29;23;13;-15;-34;15;-9;33;21;12;48;34;36;27;21;-23;-5;-23;-41;-38;31;-14;-32;48;45;32;42;36;-47;16;20;-17;47;-30;9;44;-14;39;13;-9;-42;22;42;25;-39;42;42;-24;-7;34;-47;16;26;49;-23;-50;-38;19;-29;-12;-21;16;10;-31;-33;2;-48;20;18;-2;-16;26
22;36;-19;37;39;-3;-7;17;-31;43;1;-5;-46;14;27;-28;37;27;29;-26;-18;-39;-22;-21;-22;16;-6;-49;-19;9;48;6;45;21;9;39;25;6;-48;16;-35;-36;-19;8;-12;45;21;-4;11;-16;1;-12;17;24;2;-39;-26;-26;40;19;31;19;-31;2;23;-22;34;0;-27;-16;21;12;12;6;29;-43;-12;-33;44;-1;-7;-28;24;-1;-15;32;23;-6;45;24;32;-39;12;-38;-34;-22;-40;-11;19;13;20;-3;35;-27;-18;-12;35;-48;-20;43;-1;-38;6;-12;-17;-30;-8;-21;27;-5;-2;28;-12;49;-38;2;-9;-30;-1;-3;-45;28;-3;-10;29;20;28;16;-1;-14;-36;18;21;21;-42;-32;-50;-25;49;-9;11;-2;17;-36;3;38;13;31;-41;29;40;-36;34;-22;-17;-39;37;-8;47;43;46;-31;36;13;45;-40;-36;-19;-25;-16;-22;-17;12;-26;16;14;-50;9;36;-34;15;-28;-6;48;-29;-43;48;-41;-11;-4;9;-48;32;31;3;20;-16;30;-34;-40;-15;-25;-1;37;-16;40;16;48;-46;35;-34;18;33
34;-17;11;-31;8;-35;-1;-35;8;33;-2;-30;1;-29;19;20;23;28;-49;-50;-12;-4;20;-13;-25;43;33;-34;27;-38;-1;16;-26;44;12;-9;-39;16;45;48;18;-6;-31;40;-25;6;-33;-35;-47;-15;35;-16;-39;43;41;-24;32;26;-18;32;-50;13;-42;-22;28;44;-28;4;42;34;-20;17;-18;21;15;41;-9;-34;9;-14;-2;-2;9;-2;-47;-11;-42;-7;23;-42;-38;22;22;-39;0;-35;25;-19;34;14;-39;1;-20;-11;-35;-33;-5;6;43;0;-2;-48;-20;41;-19;15;-11;36;19;2;-7;-25;-40;9;-13;1;42;-40;-9;46;-15;-45;32;-24;-50;-13;-24;11;-35;-48;-41;11;12;-37;12;25;-3;-29;22;40;10;23;-2;-46;21;5;17;3;8;-23;49;-10;-7;-29;-6;-47;41;16;43;-7;13;26;-25;30;-8;-1;-12;-8;-49;-8;32;-50;40;-29;1;18;1;-18;-19;-30;-11;-40;30;13;-47;25;-3;27;20;15;25;17;-10;49;21;-29;39;-4;-39;-20;15;5;-21;22;-1;-47;-36;-38;-25;48;3;38;-10
22;-27;-48;-39;29;-29;6;49;-2;-39;5;6;37;32;-40;37;8;14;-5;4;35;-2;-12;-37;2;-17;-34;14;35;37;-7;7;26;-19;-22;39;-18;15;-21;-34;35;-7;48;17;-40;-29;-33;-10;48;-20;9;-1;40;23;9;-11;27;-23;-28;-7;19;34;-37;-16;-35;-18;-10;-37;-21;-2;33;9;-36;-8;40;-5;-44;-23;11;-9;14;39;-30;39;6;-40;-46;27;6;-40;-34;-38;22;-50;27;-23;-25;-5;34;4;-19;-48;43;46;0;-26;11;-27;9;-47;-41;42;19;39;-50;47;-27;-6;-4;1;-13;43;-44;14;-29;-21;46;-21;-7;-44;12;-40;7;-29;-14;42;14;15;-34;-9;16;40;-11;-39;-44;31;-45;-38;23;26;30;-44;-36;40;48;-34;-31;47;-48;10;-5;34;5;25;-49;45;-39;21;8;42;44;37;-6;15;28;-37;39;-32;-46;18;29;21;31;-19;-44;5;-44;-11;-20;-6;-4;25;38;-39;28;-38;26;-46;-28;-14;-26;10;-8;-31;-12;-6;18;-31;27;6;-3;45;32;18;3;-45;41;35;-10;47;-37;26;-47
49;23;-41;1;42;22;-36;19;-5;-41;-48;22;33;34;-12;-30;20;-23;-48;-28;22;-36;23;17;-39;-7;47;-39;-40;34;-5;40;3;35;28;-8;48;-49;-14;34;22;-35;-14;-45;-12;44;-39;42;-41;-16;14;-1;-8;-50;-27;46;36;-13;-37;-11;-45;46;-19;-24;46;46;-36;-29;13;41;-17;-36;17;40;-35;-35;-5;32;3;-37;-3;-20;-6;35;32;-8;-48;27;49;6;12;8;-40;10;29;-44;-17;-30;27;27;-1;1;19;-19;-25;-24;-27;-48;-28;29;5;-41;9;41;-50;31;10;34;36;45;-48;-44;-26;-31;32;-23;-18;20;-34;47;16;-34;-19;-4;-26;-15;-35;-45;23;39;17;-27;-39;-31;22;-3;35;27;12;-47;-50;-11;42;12;7;-9;5;-3;-11;-1;26;-47;-18;-3;26;36;39;-4;-32;-40;-5;20;-27;27;-13;-7;-40;-21;-35;21;-27;-14;-46;-37;-11;24;-10;-47;7;-38;-38;-28;-14;-35;-44;-42;22;-1;47;9;42;42;9;21;-2;38;-41;-32;-11;-42;-50;40;36;21;-41;38;4;27;-38;-2;-18;6;-16
-13;32;24;33;-14;4;-41;-50;-21;12;10;-2;47;7;22;-27;14;-49;43;17;-18;-16;0;30;-10;22;-34;-7;-1;5;-37;39;49;35;47;36;22;5;-47;8;3;-12;-25;-49;34;-46;-15;1;-17;19;-3;-42;16;-29;-8;-34;1;17;-47;30;-38;16;-31;-15;36;-10;-38;-26;0;-21;10;27;41;-1;39;41;29;48;-9;-26;-40;-11;44;40;-14;12;15;-27;31;-46;-46;-44;-35;-44;-42;-38;14;-10;-15;-35;-3;29;14;-43;-19;31;-14;-2;-48;-45;-5;45;-18;41;-9;-40;33;37;16;-42;-37;-41;2;-13;-8;-26;20;22;-10;-16;-35;23;-2;23;-9;49;-14;-35;-5;-48;-13;-45;-32;-23;-8;38;40;-32;9;-29;-45;-31;-49;-33;22;14;-42;-33;25;-30;39;11;47;-18;18;-28;-19;22;-30;-24;-41;-24;20;49;46;33;-33;0;43;-39;-6;10;-20;-9;28;47;15;35;11;3;-38;-45;-44;-33;31;34;10;28;23;7;-18;24;-10;24;6;39;-21;44;-39;45;-22;-41;-42;-24;31;12;-38;-6;30;-42;-8;-6;25
-3;24;-18;5;-39;-24;-34;-27;-33;35;9;48;29;0;9;-43;47;5;-37;-41;-10;-15;-10;-48;-30;8;13;38;25;27;-21;7;36;4;-50;-9;39;-7;-28;-49;-13;5;15;-31;42;-2;-15;14;0;25;32;24;27;7;-25;49;3;-3;-41;39;-43;-27;-48;-6;-2;32;-9;49;14;-31;29;-42;-7;-9;-13;6;-48;39;-43;27;-50;38;-21;-36;-32;-39;40;-3;46;34;18;10;29;-23;48;-35;-17;29;7;-24;-12;-30;-21;-7;36;-9;43;45;29;-43;-20;43;44;-30;-30;-12;8;-22;16;11;1;41;-39;3;21;-11;-26;29;-9;-50;-14;31;-32;40;39;-13;47;-45;32;-13;41;-1;35;-9;-5;7;-48;-34;23;3;-33;24;35;-39;-47;-31;36;12;30;-11;11;13;-5;2;-31;17;19;24;-16;-31;-15;36;-13;-23;-42;31;-1;-37;-38;-16;42;11;-30;19;37;-7;-34;-20;9;-7;29;-26;-23;16;4;18;5;27;-13;37;-5;-45;-13;-22;3;46;-19;18;2;-5;-13;49;42;-2;2;-22;14;-14;-45;27;-4;-18;-22
21;-7;-33;-42;-13;35;-9;-26;48;-29;49;32;17;39;-16;-27;42;-30;-35;34;29;37;44;-7;-17;39;-2;9;10;17;-25;-11;3;26;45;-46;48;21;24;7;-38;12;-31;19;10;21;4;-10;-36;-21;-34;-17;33;-50;-17;-8;-43;-7;37;36;48;-18;4;-15;20;-4;2;48;42;-1;-20;3;7;24;-13;2;-22;12;22;-44;5;34;-19;9;46;-20;-49;15;8;46;19;47;12;-2;-11;-11;9;10;7;-46;-43;15;-45;42;3;-50;-33;-39;27;34;35;-45;-36;-1;3;45;-27;-18;-24;-34;-21;37;-43;-50;-14;27;-1;-44;-3;-38;37;42;-37;-22;-30;25;9;-39;-37;22;43;-17;6;43;-32;43;-11;-45;8;-17;46;49;35;42;-30;-48;-21;36;-50;11;-44;30;3;27;44;-18;47;-39;-36;-40;21;21;-30;-38;-2;49;-42;-46;18;10;-3;44;-47;7;2;-12;28;11;-29;-35;-3;-45;-35;-45;-20;-41;-32;-22;-47;49;6;25;-46;28;-49;-50;13;39;-1;-2;21;5;-30;2;32;-29;-24;15;38;-11;19;17;-37
-34;-27;18;-6;31;-11;16;31;-49;-27;11;9;46;5;24;-48;-19;12;8;-9;11;-45;15;9;0;-13;-17;-37;14;24;-26;31;-6;-27;26;-20;-3;-40;29;-25;-31;-29;29;-35;39;33;-5;11;-5;22;-12;-5;4;14;42;-1;34;21;16;-23;-49;29;-46;45;31;40;34;30;-13;-49;-2;-45;30;-13;35;-38;-20;47;33;5;-2;41;-42;30;-47;-23;-39;28;32;14;2;34;10;-6;-30;48;-42;-27;41;-24;23;35;-21;30;41;-24;15;-50;-44;33;42;-3;45;-18;-13;-50;-38;-31;47;1;-27;26;32;49;-18;9;16;-20;-36;41;-39;26;-15;-4;7;-28;-22;-11;8;30;-11;-50;-36;-6;-36;16;12;-21;-11;27;-23;-42;-28;-44;8;-20;42;-14;-32;-30;-25;-10;1;-42;-7;14;-15;-1;-41;-10;12;-25;-5;45;-19;-11;43;-22;-8;24;-10;15;36;47;-9;34;34;42;-21;-26;-42;18;31;-20;30;-1;27;4;-20;40;-36;43;-6;-26;-45;-42;-38;-34;-21;28;-20;-47;-40;46;-17;-44;-43;21;-33;34;-3;-28;45
-42;1;-49;38;-16;-20;-49;42;44;26;24;28;13;-38;-32;17;13;-36;-27;37;-7;-26;7;35;-2;-32;-11;-7;11;42;33;16;27;24;-45;26;14;-26;46;-41;-25;-22;33;-12;37;-7;14;-45;41;-9;11;37;-12;-31;41;17;37;-49;-5;22;6;18;-31;-50;-33;-45;-17;-13;-2;-42;-23;-38;2;-44;-37;-46;20;41;30;19;43;-50;26;1;19;8;-43;32;6;-24;38;1;-41;39;-48;13;-18;15;-38;28;31;-21;-29;-1;-48;-30;0;-50;10;31;49;25;33;31;49;-50;-5;3;21;35;-27;43;7;48;3;20;-13;-4;33;33;47;-16;-14;-27;24;19;13;-6;33;-39;-32;-34;42;21;-33;-24;-4;-45;-6;-13;-47;23;22;23;-30;-30;26;-45;-9;31;-37;-17;21;45;-17;44;16;-18;-36;20;-3;-33;-5;35;29;27;-1;28;31;47;2;23;-23;-20;-17;-15;-4;14;-23;-4;-14;-3;-4;43;13;0;36;-50;-42;-15;7;16;-42;3;47;-42;45;37;10;2;-49;13;49;25;-36;24;-17;-50;-24;-32;30;-23;-47
-43;0;-14;44;25;12;-49;-36;40;2;-34;-45;49;40;36;39;10;48;22;27;-26;-37;-17;-13;29;26;49;5;-38;-7;-26;27;-5;45;-7;-44;40;-8;-2;43;16;-37;11;-50;20;29;-4;28;-42;-33;-22;-23;-32;-33;-37;19;27;19;31;-36;-49;25;-8;46;-38;-49;-3;-31;-44;9;-42;-31;35;-14;-18;-47;35;-1;-36;-48;25;18;-4;14;35;24;-9;-41;-3;-2;-38;9;-5;38;-27;47;-30;-5;47;-6;12;0;9;39;-28;-34;-47;22;34;49;19;-32;-23;-5;-33;-33;-8;-14;-9;0;9;36;4;-26;43;-39;-26;2;-46;9;-10;-19;-34;40;20;-40;34;-15;11;33;-30;30;22;-47;-13;-37;16;42;-37;33;-36;25;9;25;-12;-26;-19;-25;-9;24;22;5;-24;-18;43;47;-33;12;-22;11;-43;-23;-38;-7;-39;-47;38;-24;21;17;12;7;20;-1;-48;49;-7;32;25;-12;-9;27;-49;-3;-49;33;-42;-39;-2;-24;16;31;17;-7;34;-18;-20;14;5;-3;-4;-21;29;25;-42;46;31;4;22;-4;23;24;38
46;28;41;-24;-21;-39;11;-28;8;-30;-12;40;28;-18;22;-41;-35;-27;40;41;27;-31;21;14;4;46;-24;-12;-37;-10;-6;25;8;7;-22;5;27;31;44;21;28;25;-28;16;24;-30;1;1;-24;-25;31;-9;21;25;-49;-24;20;21;42;26;34;-21;30;-34;-39;31;-9;31;31;-22;-5;-42;37;-13;45;12;-37;23;45;-14;35;-16;-28;24;-13;39;-18;-21;45;42;25;27;-12;37;-8;-6;38;-44;39;-14;-29;37;2;-31;-14;18;-17;-1;2;-50;-36;20;-14;-20;-40;-45;24;29;-17;-37;22;31;-37;30;12;20;-9;22;-4;-46;-46;44;47;-20;28;-33;0;-13;41;25;-33;18;-39;0;-15;-38;-4;-19;25;36;22;9;-36;-38;-38;-49;49;23;28;20;49;47;-33;48;44;12;-49;-15;-16;3;38;30;24;28;40;-35;-48;17;-35;18;23;6;28;24;-28;-43;-25;22;11;-15;2;-36;21;-38;31;-2;-9;30;-6;22;11;-39;39;-31;13;17;39;32;23;-9;-45;-39;23;-48;34;-3;-23;-12;-43;32;-13;-1;-8
2;49;1;-25;9;-27;-27;-11;25;-46;-37;33;-40;21;45;-28;-17;-11;35;-48;23;0;38;-20;13;-21;44;19;-50;-35;6;49;42;4;48;-14;4;34;32;0;-46;12;23;44;16;-29;-34;-16;8;20;14;-36;43;23;34;39;-19;-31;6;21;-19;-16;32;-2;-49;-46;-28;31;-33;21;-28;-46;-13;-1;6;-41;-33;-22;37;-20;41;46;-5;16;11;1;6;-49;24;13;42;46;17;37;-41;38;-14;-35;-36;-27;27;28;-32;21;-18;24;11;-12;36;26;37;4;-25;1;38;-31;13;-28;36;42;-29;-14;-49;15;6;43;-1;-42;29;-49;2;-11;46;-36;-17;49;32;42;-33;-22;3;-19;8;34;-22;40;3;35;-16;-23;26;-39;-3;46;-7;49;-5;46;47;31;-16;-35;-39;-11;5;-27;25;-22;11;39;29;-9;28;-25;26;-1;-4;40;-11;-1;-37;13;5;-48;44;48;-32;-11;-4;-19;-14;2;10;-15;19;-34;16;45;48;-29;30;-28;24;-46;0;-37;-43;-19;-20;-18;11;37;-31;23;35;-33;-8;46;-15;32;-21;21;9
13;41;9;24;-38;12;-20;15;-1;-8;-28;0;48;40;39;-31;43;-18;-3;-33;-1;46;-23;24;36;25;25;6;49;-3;-10;37;44;41;-13;15;39;46;-46;36;44;-33;5;-27;8;32;-22;26;-10;-36;1;24;42;45;-13;1;9;19;44;2;3;-27;10;-33;-17;-9;19;-30;-20;-13;37;49;19;1;43;-41;17;-43;23;-12;-13;-30;-11;43;-49;17;-27;-46;1;-24;41;12;-30;-45;48;0;-16;-8;-27;-37;-22;25;-24;24;-28;10;-14;-27;25;6;-4;26;-35;40;14;11;5;-47;-48;-23;-13;0;14;12;-28;32;5;-49;45;-25;-27;-46;-1;-44;44;15;22;-23;-42;34;-38;-3;29;24;-29;28;16;-25;-22;21;-20;24;-18;7;29;4;33;-39;-42;9;49;9;-28;-38;-26;-49;-49;16;-20;38;-9;26;-21;-17;12;43;-1;-48;11;13;-3;14;15;12;8;33;-37;13;17;22;-48;21;2;-29;-50;-23;25;-50;29;-20;-40;24;14;46;-30;17;3;17;-5;10;-32;-23;20;44;-12;29;35;45;14;30;-11;26;48
-22;18;-38;5;16;-6;46;41;1;-44;-48;2;-39;-25;-40;-46;37;-48;-46;-1;-45;26;-23;0;17;-7;-38;-1;20;35;-36;-47;48;31;-35;7;-20;-3;-10;20;38;10;-7;-49;24;-11;-3;40;-40;36;-38;-9;-38;6;-2;36;-49;27;-9;-3;9;-2;-37;-7;-20;-33;-18;16;-12;-20;17;20;29;38;39;-11;44;-24;40;37;11;34;-10;-9;-18;-32;45;21;5;-24;35;11;0;7;-32;-17;0;-22;19;16;15;8;11;-14;8;-24;-7;-28;-31;-11;-49;-50;-4;-1;23;49;-20;14;-45;-16;9;-33;23;45;12;-5;36;35;12;25;-23;-24;6;-37;-35;24;0;-3;-29;-35;-49;-20;-22;-45;-12;-31;-17;-20;43;42;23;-6;40;-25;40;26;-1;13;6;30;19;12;20;35;-4;10;9;-11;-41;-31;-25;42;-50;-28;-28;-14;9;7;21;22;26;-46;18;38;38;-36;-13;-29;-30;4;44;41;-19;-27;-21;13;-26;-45;-16;-32;19;-38;-33;-8;34;45;17;4;-47;-33;-21;30;-13;39;35;7;16;27;-6;27;-19;-32;36
21;-19;29;-11;49;-49;-44;2;-16;-23;-24;-46;19;31;21;9;-15;-22;-34;3;31;-15;-27;49;41;-34;-31;10;-25;-15;-37;-49;49;5;-39;33;14;37;24;27;20;-42;-30;33;-16;-26;25;-39;-6;28;43;24;36;39;47;34;-49;31;-8;-1;39;-43;14;-19;-31;29;-33;36;49;-16;19;24;24;47;16;8;32;-5;-47;-22;-44;13;-35;-28;-24;39;-3;22;4;49;-37;-48;7;0;-12;4;2;40;-1;41;23;2;47;43;30;-32;43;47;44;-17;-44;-33;-44;16;-2;-28;12;4;12;36;-45;34;-40;25;-22;-19;-35;38;43;43;48;20;2;-48;-16;40;29;-41;6;17;-1;33;45;40;44;35;-21;-47;38;49;12;-6;21;-47;-21;-2;6;46;49;32;-16;-20;11;19;49;46;16;49;-12;34;-3;0;-30;35;-17;28;-10;-30;-40;-2;-3;0;-39;28;-23;8;-17;29;-2;8;8;-39;43;-6;-25;32;-49;-38;11;25;-39;32;-4;1;-41;-23;-12;-42;-32;-42;-24;33;-35;16;-24;-34;9;-44;37;22;-13;-43;-15
-26;30;9;18;16;-26;6;-25;3;-31;47;24;10;-18;-20;37;5;-33;-39;-38;-47;34;2;-2;34;9;-26;22;9;-23;34;37;5;-36;14;19;45;9;1;-42;-1;40;23;32;-27;-24;40;26;10;9;-21;-44;31;4;39;-49;15;38;36;4;48;34;-4;13;24;12;0;-41;-34;-16;-21;4;25;-31;-28;25;32;14;-1;19;-21;-33;21;17;-8;30;-24;3;5;48;-4;35;31;-41;6;14;-34;-33;-42;14;17;-7;-45;-38;26;-26;-23;28;-2;-23;-19;46;-2;8;43;-14;-41;20;-31;26;43;-35;-29;-40;31;-34;-34;-14;-25;-16;-41;49;-43;-27;19;17;-39;0;-8;-48;-4;15;17;4;6;-4;-21;-30;43;-36;-23;-46;45;-45;7;-50;48;-45;27;13;26;47;44;-31;-5;0;-40;-7;-27;-48;32;40;-19;-49;-5;36;20;13;-8;44;4;48;36;-3;-23;44;-39;18;19;-10;44;-7;31;44;-1;21;45;-16;26;-30;-19;-17;9;-11;30;-36;-43;-40;5;-44;-16;20;29;2;-37;-7;5;0;-5;-12;40;40;-24
8;-6;22;7;23;-26;2;-10;12;26;-16;-46;-18;4;45;-32;-29;14;-5;10;-4;42;25;-20;-9;-24;-31;-32;19;-11;20;-14;-27;46;25;30;-47;26;28;-40;29;-26;41;3;-26;-43;-32;-44;-24;6;-12;26;39;30;10;43;-26;-40;-27;15;-43;43;36;34;13;-38;-11;-43;-7;25;42;-29;46;3;33;47;-33;22;-1;0;31;-44;-29;-42;-28;2;-48;-7;-9;-40;-24;23;28;48;42;38;-1;29;-9;26;-27;10;45;-13;32;45;23;-9;8;4;29;-25;-29;4;-41;-24;7;-41;-48;-45;-35;-5;45;-30;38;-45;-47;38;-29;-36;-31;-33;10;35;-31;42;-19;-15;20;2;42;16;27;40;7;-13;35;40;14;28;21;-4;13;34;-45;2;14;-15;9;-26;5;41;-38;-50;-14;-25;31;-43;-22;-43;-4;-45;27;-16;-24;-8;18;-6;17;-34;-24;-38;-17;16;32;-9;-12;45;11;26;-15;26;3;-14;42;40;-1;31;-34;20;-41;-26;4;2;-44;44;-49;7;32;-31;6;12;-20;29;-40;-21;-5;30;-37;-2;-27;-13;-41
25;-44;36;34;-10;-43;36;-46;23;31;-33;-8;28;49;-8;11;-27;33;-14;4;35;-19;-32;15;39;-15;-23;14;31;38;-34;39;2;-19;11;-15;-28;40;35;-39;22;-49;-39;25;-21;-30;16;-28;21;48;25;-34;9;22;-3;46;16;18;-13;6;47;7;-34;42;9;-11;-41;44;-15;-17;9;2;-39;42;20;24;16;-40;-44;-9;9;-10;16;-12;-46;38;-50;0;-48;-6;36;-42;39;39;-40;11;-34;-48;36;-16;24;39;-39;16;-41;-29;43;15;-9;-30;7;-3;-23;-31;48;-16;-41;33;31;28;-10;-9;-14;49;-46;-8;26;-30;-41;30;26;-14;-27;-12;-34;28;-12;-33;15;-1;17;0;-46;41;32;38;-25;-47;-16;45;-41;4;22;41;1;-48;39;36;16;-30;30;4;-35;11;-31;41;16;47;-25;44;35;49;9;49;-27;18;-32;6;5;44;-33;-11;44;-43;42;0;32;-23;12;38;-27;29;30;-33;-17;15;-47;-49;-46;27;19;20;25;-7;-36;31;-2;-37;46;-21;22;48;-30;45;17;35;-48;-24;5;-21;-46;-22;-6
48;19;28;-32;-14;-10;-15;45;-16;-48;-33;28;35;44;19;38;-3;24;-5;-42;46;16;2;49;-13;-43;-11;2;11;-16;-28;41;13;32;23;-50;-4;-32;-19;0;-39;16;15;-40;20;-34;-39;22;-41;48;-49;-35;-27;-21;-1;-48;42;-8;46;43;-50;13;17;-4;-28;-6;-5;-25;7;34;21;49;37;-12;1;-40;-26;-11;-21;-20;-35;7;-7;-23;49;-15;42;10;44;-5;15;-22;46;-30;9;-41;-25;-9;-30;29;-30;-22;12;41;30;-8;35;-19;36;-29;-27;-47;-9;11;-34;-37;14;13;13;9;-3;-7;-25;5;14;-26;-49;-40;2;12;46;31;14;-16;-3;23;7;45;-50;-11;-17;-35;-37;4;-22;14;16;-43;-7;-33;-29;0;11;23;-29;16;-47;-40;-41;28;11;-1;23;-24;-5;5;-46;-4;-39;-47;27;34;0;-10;-28;-3;-48;-42;22;-28;-37;-10;-29;-10;16;30;-4;49;-49;-10;-41;-38;45;18;17;-36;38;-2;39;-13;28;-4;-10;20;-50;25;-48;23;1;-37;-4;-44;-33;-45;3;4;-23;11;41;-30;-25;17;-6
-19;20;12;43;-22;-1;-13;-14;31;-2;45;-34;-8;28;17;-39;-30;5;-35;-10;48;31;25;-50;28;-17;-34;31;-11;-49;-23;-3;37;48;11;14;-34;-5;-13;12;23;-35;1;5;-32;-4;29;15;-25;2;46;-22;-15;-31;-21;40;36;-27;3;43;39;12;18;7;35;33;48;-1;33;12;-23;-43;49;15;27;-40;11;-31;45;24;-21;-42;-23;43;13;49;-11;-31;-14;-39;15;-14;-6;-2;-50;24;-6;-43;38;48;33;17;41;-50;23;18;-37;10;31;-28;29;-33;7;-34;-13;39;44;-36;-11;11;48;-6;-5;48;-21;-11;-44;-50;-28;14;42;28;-47;47;31;25;-38;13;-2;14;-21;-33;-35;39;14;-2;22;-26;-5;20;49;-50;-25;-48;-39;-2;-49;9;39;15;-14;31;-42;15;2;49;-3;-6;-2;39;12;-8;15;11;29;-45;-43;8;22;-32;8;-2;27;-12;4;22;-43;16;38;36;26;12;10;-39;34;-18;-40;-30;5;-23;25;-15;16;-39;-47;-1;-43;44;19;35;-1;13;18;-5;45;-2;-12;14;-17;-3;-25;-44;-23
16;-17;8;47;2;4;-12;37;18;-13;-5;6;-24;-15;39;49;-42;45;-24;-44;-50;-8;-5;-20;49;-23;-31;4;46;11;35;-15;-4;0;45;34;7;6;19;1;21;17;15;0;-48;-3;-39;-3;-21;40;-20;47;21;46;33;13;-43;-4;-19;19;34;25;22;-6;-28;41;17;32;-35;4;31;26;-32;-5;-17;34;-7;-48;44;22;-1;26;-4;-34;-41;43;37;37;-5;-45;-42;-6;42;49;22;40;-32;3;21;15;0;32;-40;-19;-30;46;6;19;-21;38;-7;47;16;-50;-26;29;-38;-39;3;-27;40;8;-25;11;11;-35;27;44;3;34;40;44;-39;-43;38;6;38;45;-15;32;-13;16;-30;-13;-29;-25;11;45;39;32;25;23;-34;-30;33;-47;39;21;-27;17;-15;39;-27;-21;-33;-7;-32;38;46;27;-46;24;-7;-21;-28;16;-11;-32;-8;-15;-8;1;37;-17;-1;48;19;25;-23;17;-18;-19;45;-48;-14;-4;23;-31;-46;-35;21;-10;18;-28;-2;-13;-14;38;-19;-20;5;-39;-49;-25;35;9;42;-9;-12;5;7;19;42
-31;12;-33;-19;29;-21;-31;-41;-41;-4;1;41;-42;34;37;0;-43;18;8;45;-6;44;-4;-24;-12;-14;2;42;-22;40;-32;-43;-30;-49;-49;15;25;-47;6;-25;-37;-31;37;-6;-46;48;36;-34;11;36;10;46;-25;0;-25;47;-23;4;8;37;13;-34;36;-40;8;3;21;-2;-38;-9;-37;-17;-5;43;-19;-30;-14;-38;16;41;44;-10;-43;12;-21;28;23;-48;49;-39;-46;22;27;27;14;-1;6;4;-5;-4;-30;-23;3;4;-32;49;-4;27;17;-33;46;17;-5;2;-1;4;-35;21;9;4;-41;3;36;-41;-14;-40;9;43;37;-42;-8;33;-40;6;-38;-24;7;-27;35;37;1;40;-33;-46;12;13;-10;-10;-43;-2;-4;17;-29;-2;-35;29;-34;37;-50;-49;-11;-29;25;16;-9;43;-9;-16;-12;-35;-21;29;47;-33;-42;22;3;-19;31;-42;-34;43;-2;49;-12;12;-12;-48;-40;-30;-8;-16;18;-44;37;19;-3;-46;31;-41;-1;-42;32;33;6;-44;-5;16;9;-1;-21;37;-11;12;3;-3;-37;36;-41;-24;-16;17;-44
25;26;33;41;1;36;11;9;-21;-14;45;45;-8;46;28;-33;29;4;-29;35;-11;21;-30;9;-8;-30;-1;-8;40;-10;-5;20;-3;29;8;-14;49;43;4;-24;18;-16;-4;-38;-9;-20;-16;17;21;-48;-40;-47;-45;32;-32;-5;39;14;49;-48;-32;-11;-9;-17;-50;-9;-41;29;3;-47;-23;-16;-46;-2;4;-4;1;44;-13;0;7;30;-43;23;-10;-42;-7;-33;-30;45;47;-30;38;-47;49;-9;1;47;35;10;-27;-41;-30;-40;24;34;-42;-43;-45;33;2;-46;47;-39;-42;-1;-45;42;-1;-27;29;-23;33;12;-43;-28;-17;-4;21;29;13;-4;7;-50;-30;-34;-24;24;-38;9;-10;23;-41;2;-5;31;8;44;-48;-19;20;-13;-44;34;-6;-20;33;-25;16;41;44;-28;-30;-35;-35;7;7;32;-17;-25;21;-14;0;-13;-24;16;-39;-42;13;-1;31;-40;-18;5;23;-16;5;-2;-42;10;30;38;2;-23;12;-15;2;-11;29;38;-43;32;30;6;28;-19;-6;25;10;-35;-36;33;-18;-17;41;19;-18;-5;-34;-36;22;-20;28
-13;26;20;2;-32;-38;30;-31;30;8;23;-12;-5;30;17;15;49;-17;28;-18;36;-33;32;-14;7;4;-10;-1;35;-12;-5;8;-11;-35;24;-47;-24;-19;-18;-36;-42;25;-33;45;42;24;-24;22;23;37;-39;45;-11;-33;-6;41;25;-40;26;-9;-48;42;34;-8;-27;-6;-47;25;6;14;37;-39;-39;2;22;20;3;-42;-16;-18;-24;-43;-26;-36;-10;-9;23;18;-7;-6;-45;-38;19;-15;6;4;20;45;3;-1;38;-1;-47;-1;-26;-18;-33;0;-16;23;22;35;-43;48;-42;0;17;-14;-40;-41;42;-32;31;-37;-12;36;43;-42;-30;15;5;-30;-15;28;-31;2;36;-26;-6;43;-32;30;22;2;27;6;41;22;-34;-46;-21;-41;37;31;-44;-32;49;29;-44;-13;-17;30;-13;7;-47;-30;-40;22;49;29;-30;19;13;46;44;14;8;11;42;36;30;12;4;17;-39;10;31;44;43;1;-31;-23;-9;-31;8;-4;15;23;-48;25;30;6;14;-18;-41;-46;-29;-23;-39;-14;2;-43;-22;49;-39;10;45;-16;-41;31;44;42;9
25;32;-25;31;-28;12;-16;-15;-2;43;12;-31;45;29;24;-23;40;19;-8;-33;-12;10;-12;37;-33;36;-17;11;-46;-30;16;18;-6;-5;41;-4;21;-21;27;44;-47;4;35;-22;18;22;-34;33;-44;-22;20;-35;24;31;1;49;22;-48;-19;-4;-34;-33;-14;0;6;44;6;0;-9;12;31;15;-31;12;-35;20;-22;-29;-35;17;-16;-33;-44;8;-21;44;-47;9;-16;-22;10;38;-32;39;2;25;-31;-43;-3;-24;18;-32;-17;26;-16;13;31;26;45;-28;12;2;40;-48;-48;-17;-35;-45;49;31;-16;-19;-6;-20;-27;-7;-43;3;29;-8;11;-36;29;-40;24;46;0;10;-20;-3;8;37;-27;-50;-1;21;-25;0;34;10;-5;18;6;9;46;-10;46;-26;41;3;9;-9;26;-44;2;16;37;20;-46;31;-30;26;28;-9;36;-8;46;4;-31;18;-11;-29;-50;-46;39;-19;-16;15;-17;31;39;-35;-21;33;1;-42;-11;-37;-39;45;-22;16;-37;-28;-38;-11;18;45;-2;-13;10;37;-11;-9;42;21;-42;39;42;31;38;-4;-19
-16;32;-13;45;39;36;-25;24;22;-35;28;-33;10;-45;-1;-38;13;-21;-31;-48;-32;-34;-4;14;-15;46;-49;-10;38;-9;-35;-19;-46;47;-31;-23;5;-35;-3;1;-36;-40;26;5;-42;-42;-15;8;-13;2;-33;-5;32;20;-49;-22;21;-25;-36;18;38;13;35;3;-31;-18;33;-46;45;-11;42;-26;-10;34;4;10;45;-10;9;20;9;43;-41;11;15;14;3;-23;26;-1;27;-23;-1;10;-22;48;-21;-32;46;20;16;22;41;18;36;20;18;39;11;-39;-20;-21;2;4;41;-2;-14;4;11;22;11;25;46;36;-45;12;45;12;-48;-46;21;23;-2;15;23;-8;19;19;36;-49;1;17;-19;-27;43;-36;49;-48;36;-2;18;17;-11;31;15;-16;-39;36;28;-40;42;-27;-4;43;33;-47;-25;-21;-16;-39;-21;-3;18;32;25;-12;3;-6;-15;-1;-49;32;-26;-21;27;33;-9;-50;15;10;-29;-50;-15;41;20;23;-47;11;-18;-44;17;-26;20;-26;-40;-43;46;-22;-43;21;-3;23;-16;14;-23;21;47;-36;24;14;-12;1;-47
-50;15;-13;17;-13;45;16;22;18;-28;-18;-2;35;39;13;-13;26;14;44;30;23;-12;-25;30;-9;34;-34;21;-46;12;49;-37;-6;-32;19;19;1;42;-49;-46;48;44;32;-36;7;-25;-19;13;1;-27;23;1;16;1;10;-19;41;-21;33;38;25;15;29;-17;-26;-26;28;-6;-12;28;17;-48;-16;49;-21;-5;-3;15;-11;33;49;20;4;13;-5;22;40;-1;-4;33;36;22;-39;-21;21;-29;-28;-34;-34;13;33;-25;19;-16;4;11;-7;-38;-35;13;40;-34;37;17;27;38;16;-42;-2;-19;-13;-19;8;26;-21;-15;-17;23;-40;-15;-22;-26;39;-8;4;-32;31;8;44;2;18;-47;8;-50;35;11;-11;36;43;24;16;28;2;-20;-33;36;-41;10;-32;-38;-34;23;26;-8;18;47;-9;-16;-7;-48;45;21;-24;-6;-20;21;-21;-25;35;-10;-1;5;-5;18;28;-32;46;-4;-9;42;4;9;10;1;41;6;23;18;17;-18;6;13;17;16;-25;16;-27;0;38;20;19;-4;-33;-18;35;8;-43;-39;-38;18;-38;-36;-46
-9;22;41;49;16;-18;-22;-26;-50;25;21;20;-33;39;27;38;23;13;-5;42;-3;-10;48;48;-20;42;43;38;-34;35;-3;17;30;9;-28;23;27;-3;-16;16;2;-2;48;27;-28;-13;-42;-50;-44;-41;-43;-48;26;38;-6;13;-1;8;17;16;-37;-37;31;-8;-35;47;-15;-1;-3;-2;22;-22;-12;-37;-16;32;13;-32;17;45;-16;27;-13;0;6;3;16;10;37;-19;14;-5;-28;27;21;42;24;-8;35;9;-17;37;23;6;-41;-19;35;-11;-2;-10;-41;-44;1;-4;-34;-6;-1;-5;-34;-42;12;22;-41;-8;-47;35;-30;2;-7;47;28;-14;45;-35;15;-41;9;-30;9;12;0;24;-33;-7;2;17;48;23;-25;35;0;-28;2;-38;-9;-25;-16;-33;-45;-41;35;22;16;46;20;-5;-20;-20;25;-31;-21;28;-39;-48;37;-4;-25;36;-10;-17;0;-39;-6;-7;39;-12;43;-25;-29;47;27;33;-18;34;-2;3;5;-42;-9;-15;-37;11;-47;31;44;10;26;18;38;-47;23;-2;21;-16;-13;-28;23;47;-48;3;46;-33;-39
41;-13;16;-25;0;49;-45;-30;2;-45;-39;-6;23;20;-27;42;43;15;38;-44;-38;49;-23;12;17;20;44;4;-48;-8;4;-13;33;-39;23;5;25;-14;-11;-19;42;41;-40;19;-27;43;-22;26;-43;-27;-33;9;-22;11;5;19;-43;-1;-44;2;-41;36;-44;23;-12;22;4;8;22;-33;47;0;-41;-14;-24;-8;34;16;-17;-3;-45;-21;-23;6;-42;6;17;-16;48;-18;40;-2;34;8;44;43;20;-27;-44;-39;10;14;-41;-9;-21;-23;-16;-41;-25;16;-30;40;-43;-45;46;-3;8;31;36;3;-29;-41;2;2;43;-37;-34;35;-49;30;41;25;-26;-28;48;2;-28;0;-28;-3;-7;-30;-16;-8;-14;38;15;0;24;-48;-37;15;-19;-4;35;9;-39;3;24;16;20;3;-22;21;9;-36;-13;36;38;-27;18;-29;-15;-23;35;-36;-50;-30;22;12;20;-45;3;-27;25;22;13;-25;-16;27;-17;31;-39;-25;41;-44;-2;-7;10;26;-42;44;36;-25;-17;-47;46;27;-23;-28;-5;36;39;17;39;12;-44;9;9;-23;11;30;5
3;-40;-36;-50;-29;-48;-4;38;-39;7;-19;4;-2;31;-42;40;-14;15;-15;33;2;14;-46;30;41;26;-1;24;-14;-42;-42;41;3;-31;-44;-4;18;9;-35;32;0;-6;37;31;-3;33;3;2;45;-50;49;37;48;11;-4;-16;41;38;41;-35;13;-24;-36;-27;11;-18;-21;41;2;-41;-4;4;-40;8;-17;-24;-1;36;10;-19;-27;-38;1;42;-39;-42;-15;47;17;9;12;20;12;37;-6;4;-1;-36;-43;-17;27;-40;9;-30;4;4;1;49;33;-7;32;-50;47;1;39;-47;-6;-3;8;48;-21;12;43;41;2;-8;34;-3;-17;27;-34;39;-47;-9;-44;35;45;-8;-20;-10;39;32;-29;9;40;41;-14;-25;19;26;-9;-42;8;4;-38;-31;-47;-1;6;-26;10;24;-35;37;45;13;13;-42;-26;-5;32;20;-17;-38;5;-1;33;39;48;31;3;-23;42;-7;0;-4;-19;42;-1;-50;-31;-43;-1;-18;5;0;40;-1;26;26;-7;-17;-41;-2;31;49;-11;42;-47;-15;22;30;-38;0;19;21;24;2;-33;-39;-3;9;29
-45;21;5;-37;22;-32;2;36;-33;-42;-27;47;47;-46;-38;33;38;3;13;-18;-48;11;48;-33;-29;-22;30;-4;-10;-29;-19;-21;8;18;-9;36;-31;33;27;4;19;23;20;-38;5;24;-24;10;3;-2;-21;-32;-17;36;-38;35;23;40;-11;-23;-47;-4;-28;43;-13;-16;-25;8;45;6;-22;3;-12;40;40;-18;40;-50;49;-5;-37;26;-35;38;-7;39;-46;28;26;-6;36;-18;31;8;35;6;-35;24;-9;41;24;26;15;-12;20;-8;40;-47;47;-37;-50;32;-42;35;45;-40;-47;-10;41;45;44;2;-50;29;31;22;12;26;41;-10;-25;-32;23;-23;5;11;-47;-9;-6;-40;-14;38;-38;11;38;9;19;26;46;-5;-27;-19;49;27;48;-32;44;-28;25;-31;-24;-26;-42;41;-49;11;-40;5;22;1;24;28;-9;-10;-34;5;48;-41;-7;34;13;-40;-6;18;30;41;-36;28;19;-47;44;3;-43;-29;-47;-50;-31;0;-38;1;-43;48;22;28;-2;36;3;23;-28;-5;-3;-22;19;35;-25;1;-38;18;-36;40;-8;36;33
33;37;-36;44;36;-36;46;-23;-13;22;37;30;-34;-8;-25;-7;-6;11;-48;38;-49;-8;49;-33;0;48;46;30;6;20;40;-48;35;-10;23;-14;-48;24;-50;1;0;-11;9;12;-29;-29;12;-6;2;-33;4;-1;15;36;24;35;7;-44;-26;46;-37;-12;6;42;29;-40;-33;9;36;28;13;-48;-41;-26;35;23;4;-27;-41;-30;6;12;-23;-17;47;19;-16;-30;20;-41;-14;-40;-5;-14;26;-31;7;19;-26;20;0;-13;11;3;-2;-5;-38;-4;-48;-50;-11;-32;35;-10;47;-32;-9;-47;-29;-41;45;-47;0;-39;-25;0;45;-18;16;-48;-41;-14;-20;-26;-42;-38;28;32;23;-15;16;-33;10;-43;-40;-49;-24;45;-24;4;41;-37;22;26;-4;-44;28;-27;-22;12;-12;-48;7;-21;-22;-40;-41;-7;44;-48;-33;45;-31;25;49;-22;-3;-11;-21;9;-18;-31;11;-27;16;33;-11;36;45;13;-48;6;39;-46;1;4;34;40;-10;5;36;24;-3;-46;-40;-6;-39;-15;-47;11;5;-41;-16;10;40;19;-44;23;-17;9;-31;-46;24
5;-33;-30;32;12;-45;-21;-17;45;-41;49;41;-31;44;-31;34;22;8;-32;-8;11;-2;-29;21;-6;-26;48;-12;-47;49;-49;47;21;-18;32;-26;48;29;-50;5;30;31;-15;16;-15;10;-16;20;-5;12;-25;-50;25;-49;-49;0;9;-15;-46;-30;39;33;3;17;49;37;-39;-4;49;48;-47;-22;-27;31;-20;-3;-38;-37;-6;-30;-29;39;-16;-2;-30;2;16;-46;40;-36;-36;-1;-43;-37;-5;-37;-23;27;-5;-45;15;34;19;45;-10;2;-10;4;11;-13;45;-41;41;10;-35;49;24;49;-15;22;-28;49;9;-22;12;-7;-5;47;-25;17;-16;-15;38;-7;20;-34;-21;-16;9;-11;2;-24;-31;-16;30;30;-6;-16;29;-7;19;45;-34;-16;-49;27;-18;34;-36;23;-6;39;48;-5;22;7;-18;-11;-33;45;-13;0;-10;9;46;-16;24;-13;-17;-38;6;12;-17;7;2;3;17;47;-44;-20;-39;43;41;-41;-46;-34;4;-4;23;13;22;14;26;-38;-28;6;48;-21;31;-13;5;-1;-6;-14;36;-17;-23;-3;13;-29;-17;16;-42
